place_id,name,rating,user_ratings_total
ChIJc37XTqo3aDQRDxyTI9qS55Y,無名咖哩,0,0
ChIJz6pEWx03aDQR_iG9mgvqkSY,Restaurant ZenA,0,0
ChIJh_FphxU3aDQRV7hKTNo17AE,馨美馨早點,0,0
ChIJ87MnyyU3aDQRe6SceWCQngw,老灶林 傳香豬腳,0,0
ChIJw4BCRAA3aDQRofePGLmyrok,黑皮驊,0,0
ChIJrVUghxU3aDQRyoVy3kfsKQw,文樂飲食店,0,0
ChIJ27sVm403aDQRvm_-6dTDizw,隘心餐飲坊,0,0
ChIJw95qcBY3aDQR2wEUowuwqj0,莘莘Shen²南洋料理,0,0
ChIJLzVC9Yg3aDQR8nJ9lNg66oc,金仙便當工研院店,0,0
ChIJITYo8zg2aDQRBhlM45DgrwI,谷杜堂小食店,0,0
ChIJqQhoihU3aDQRpjDuDygLu_w,平價小吃,0,0
ChIJadke6HE3aDQRjBscN3mGKeM,Chen Xiang Breakfast Restaurant,0,0
ChIJGYl9QVU2aDQRG0vsBGH56EE,晶華飲食店,0,0
ChIJgTprVck3aDQRn5zL9LHPyzA,傻師傅湯包,0,0
ChIJx0SOnm83aDQRL4ezUJKY_Fg,蛋,0,0
ChIJA48LLqc3aDQR4Qxdy_jl98A,齊味羊肉麵線,0,0
ChIJc9MTqDk2aDQRZyWlzuD2mzE,月滿樓,0,0
ChIJYY9CRVs3aDQRWaDPztszT1k,豐福早餐,0,0
ChIJvyyJQDA2aDQR7WwbonxAL-8,吉野烤肉快餐,2.6,78
ChIJd026Vf03aDQRroReLDoZVOs,爭鮮 gogo -新竹高鐵店,2.6,92
ChIJMVRPLac3aDQRaR30Xr6rVvA,九龍燒臘便當,2.7,14
ChIJzeORkOQ2aDQRSeoh68Bk8r0,Hong Ya Hamburger,2.7,349
ChIJ-ZegODA2aDQR7Iqo2DcJ8nU,Ba Fang Yun Ji Dumpling,2.9,555
ChIJXVRfiy03aDQRKYqoGI73BJE,好吃霸王餃 原包好吃,3,9
ChIJ6bJjFbA3aDQRdOWU_gMfoaM,貓酒店咖啡,3,63
ChIJnzW_ECM3aDQRdwfOwdphS7M,阿力香雞排,3.1,24
ChIJHU0dUFM2aDQR8fD4wbhLZ-I,上晴早餐,3.1,163
ChIJi1rczqo3aDQRAA_hn96jUzU,陳家原味鴨肉飯,3.1,236
ChIJJ8HpYPk2aDQRg12qMfcZ8GY,Overseas Dragon,3.1,316
ChIJpQBGFJ83aDQRaHiKv6WDp1Y,韓宮館-嫩豆腐煲,3.2,55
ChIJt7MWw-Q2aDQRUGLdAk7e2Go,四海遊龍 十興店,3.2,191
ChIJjU6XfPk2aDQRNwSmvlHZiI0,Noble Family Steak House,3.2,2465
ChIJnWn_w_03aDQRbOkNj_1DQRw,潮味決・湯滷專門店 竹北嘉豐分社,3.3,55
ChIJhSuO0uI2aDQRax9iORVQ2MQ,榮華香港燒臘快餐,3.3,106
ChIJyQlvFjw2aDQRe62FK7eVMKE,三食三時,3.3,221
ChIJd1jSCi82aDQRYxc8jqIGsUU,僑記刀切麵食館,3.3,267
ChIJyXuRky42aDQROdWrIet3fPI,Hong Ya Hamburger,3.3,291
ChIJf7xoEjs2aDQRa_g0AoeC9JE,Q Burger 新竹光復店,3.3,538
ChIJK4jGljo2aDQRcVnlv_Qg4Gs,Kingdom Hotel,3.3,580
ChIJp0qcWwc3aDQRPjTN84cnRWY,MOS BURGR HSR Hsinchu Shop,3.3,906
ChIJt-4Txus2aDQRZTsm6IMtDbg,My Home Steak,3.3,1143
ChIJr5Xg5tQ3aDQR3mHjhi2xw9o,McCafé 咖啡-竹北文興店,3.4,17
ChIJj4wu1l43aDQRxjLgro_G7BA,悟饕池上飯包 - 竹北自強店,3.4,29
ChIJQRZNMO43aDQRiObAZa3PyXA,Zhu Bei Gaotie Breakfast Restaurant,3.4,91
ChIJQ6imFDA2aDQRpQ_6CZJG9DY,開源社香雞排,3.4,330
ChIJK7HfdfI2aDQRZUkqADR35K4,東大排骨竹北自強店,3.4,394
ChIJBx61c7U3aDQRwlsQx_tB_fo,SUBWAY 潛艇堡,3.4,403
ChIJ3XNnhxU3aDQRQ8PkHf3EWDU,友誼-老永昌點,3.5,6
ChIJsaCg82k3aDQRqpQfamLMl44,東林炒羊肉竹北高鐵店,3.5,72
ChIJ3yD2Tz82aDQRrvMrDmGMfTo,滿溢風拉麵 新竹竹科店,3.5,124
ChIJHQWPHi82aDQRLLYJtW_h-6w,新寶水煎包,3.5,197
ChIJE6HfreU2aDQR2GSF81mGEvg,Laya burger,3.5,237
ChIJ_fFkHFc2aDQRxFGSrhBGa8c,拾壹香牛肉麵店,3.5,521
ChIJowoXZsI2aDQRkX7WCuo0IRc,台北永和豆漿大王,3.5,1003
ChIJ-SVgtuk2aDQRgzKCki49AzA,麥味登,3.6,102
ChIJ64dGveQ2aDQR42AaHBDrxuA,大中華粥麵館,3.6,194
ChIJTdQ5X6o3aDQRt0wNjtng5aI,早安，吃什麼,3.6,314
ChIJPQf4Rpo3aDQRjmWRxtWNWsU,初這家麵食館,3.6,362
ChIJochEEzs2aDQR6Xx_JmAOddk,八方雲集 新竹關新店,3.6,411
ChIJc4EIT6o3aDQR_vYS_ilXz_U,金珊雞腿飯 （原金山高鐵店）,3.6,465
ChIJt4lynWI3aDQRqatqu5OvPCw,Traditional Taiwanese restaurant,3.6,636
ChIJH-rnqJA2aDQRWff0IcAoghA,雅舍咖啡,3.6,968
ChIJWf46RxQ3aDQRpNDxR6kxIoE,老北京熟食飯館,3.7,22
ChIJoz6Irkg3aDQRNy8YeAU6SCg,黑貓潮滷味竹北嘉興店,3.7,73
ChIJV1h_mZM3aDQRbdytmtGNlME,芳珍蔬食-新竹關新店,3.7,81
ChIJey0O_mc3aDQR7F4hTJH6BjI,六家麵店(竹北嘉興店),3.7,98
ChIJm5KlP-A3aDQR49kUi2tBRmo,行家燒臘排骨,3.7,103
ChIJbyVOplc2aDQR7hTEshNZSfw,蘋果廚房,3.7,122
ChIJI_PXvuI3aDQRqAxmYm2rBGM,清水米糕,3.7,125
ChIJF8uPWAk3aDQRep0dwc0hhP4,叄参鍋物,3.7,138
ChIJd-q9iFs3aDQRsotfoHZ14bo,三媽臭臭鍋,3.7,187
ChIJgSBVNsc1aDQR5TpTxcDVLyc,Dominos Pizza,3.7,203
ChIJD_UBIRY2aDQRQI8bnq0dTcQ,Yoshinoya Hsinchu Guangfu,3.7,779
ChIJp0qcWwc3aDQRgAyhHou53OU,Mos Burger,3.7,845
ChIJG4nmYCU2aDQRiRf15XHyDAs,韓國館,3.7,875
ChIJywz3uPw2aDQRU7L03AdsPug,Cape 99 fast fried Food,3.7,921
ChIJYQULpO42aDQR7sxkxvcAmRs,家竹亭 豬排咖哩,3.7,993
ChIJP3DKzzs2aDQRZVFDNrxUpO0,MOS BURGER Guanxin Shop,3.7,1339
ChIJj_Uqiz02aDQReDhxOJ5rg7Y,KFC,3.7,1909
ChIJ0y88clU2aDQRa1S4JsP1V84,McDonald's,3.7,2201
ChIJA06wqEE2aDQRL7RA94t6Nto,McDonald's,3.7,2653
ChIJr4Tenfw2aDQRykq8BANNbu4,McDonald's,3.7,3823
ChIJ0zdW6Ag3aDQRjvx2NUvyGr0,普拉伯廚房料理,3.8,35
ChIJl9ejpuQ2aDQRlKUAUCryKw4,臻品食堂 勝利店,3.8,40
ChIJQ_G5mzA2aDQR_oJv3BDCAWk,紅豆村-新竹店,3.8,46
ChIJ0yM9_xo3aDQRJYoDr2g5IDA,繼郎關東煮,3.8,88
ChIJBajcIic3aDQRf1CUQ8_9CKM,早安有喜-新埔店,3.8,145
ChIJma6ge-k2aDQROxwNOv7P4iA,蕃茄村漢堡,3.8,194
ChIJk0QC7D83aDQRsPKm7Sa1hzw,麥味登 竹北正毅店,3.8,213
ChIJ-S9Y3hc2aDQRF8MmwOJYN-o,蓉城吳抄手,3.8,235
ChIJuSOmUPo2aDQRixOlXX1gfN8,縣福園小館,3.8,363
ChIJhdTHIRY2aDQRZT-KeaKqyB4,開源社香雞排,3.8,442
ChIJWSikWOM2aDQR9ZutjyTTSB0,台南鱔魚麵,3.8,447
ChIJtV-7T6s3aDQR7EwXdJ58S-E,溫師傅麵食館,3.8,452
ChIJmXBgm_A2aDQR5De6hm5sGsI,Omiya Japanese Restaurant,3.8,1542
ChIJ0996_kE3aDQRhUVnCS4TxF4,新埔粄條,3.9,8
ChIJBUBNgFs3aDQRSqeL_xmOUdE,元氣の飯糰,3.9,22
ChIJJU_IYP82aDQRPWM1tUD55tQ,弄墨Art. Design. Cafe,3.9,34
ChIJjxO8hT83aDQR04d3RZ8EDVo,竹中早餐屋,3.9,45
ChIJAXdD91c2aDQRDhg8zkZKeSo,大根關東煮,3.9,54
ChIJi23fp9o3aDQRsYdXLEBbU7s,工研院八分飽,3.9,71
ChIJpUO4yOI2aDQRcmBMX2vkmbw,Datou Beef Noodle Restaurant,3.9,97
ChIJOXer7vw2aDQR_qnqJLxyH7E,AMARS爾瑪思,3.9,120
ChIJQwCWVgE3aDQR2SGlLqPYbuQ,寬門小食館,3.9,130
ChIJM1O_8ls3aDQRN-_sUzZaRq4,胖老爹美式炸雞 新埔中正店,3.9,134
ChIJkZQawds3aDQRqOTUp1sWS84,小旬湯-樂農.鑄鐵鍋-竹北店,3.9,151
ChIJwwv4TvQ2aDQRW2PI8Xpnc3c,蕃茄村漢堡 竹北福興店,3.9,157
ChIJ1WMK8M03aDQR3ojloDRsNaM,MOS BURGER Industrial Technology Research Institute Shop,3.9,171
ChIJt0m1nTo2aDQRFjyoBNRvHN8,關東橋山東饅頭店,3.9,203
ChIJgzyfrfk2aDQRchP1woGTm08,達美樂披薩 六家自強南店,3.9,222
ChIJaUzouWuGDhQRO-mnGOWwObk,坊間家傳麵食,3.9,240
ChIJYe2_bXazaTQRs2XbESlVDf4,莫克漢堡竹北店Moke’s Burger,3.9,246
ChIJkTEovuQ2aDQRcfwVcVPp9XE,Best fried chicken,3.9,279
ChIJRdzgLeo2aDQR70XkwwmSMcM,幸福米粉担,3.9,285
ChIJH_z4nvw2aDQRWytkn_d33AQ,Moon Teppanyaki,3.9,285
ChIJsTmg3RM3aDQRwoVWMU_ALe4,The Fun 樂房早午餐-嘉豐店,3.9,294
ChIJFYftmTo2aDQRPSbuxqYAVMo,建良鵝肉,3.9,301
ChIJm2waoKs3aDQRyk6gubnHTvA,第一香羹の專賣店 高鐵店,3.9,308
ChIJBVq4GuI2aDQRil_pUjjuoWM,十興麵食坊,3.9,314
ChIJAV3gwv42aDQR3JsJsSQMroc,北平麵食館,3.9,318
ChIJrUXaSvs2aDQRERzYoQrgNHo,Ba Fang Yun Ji Dumpling,3.9,342
ChIJl9Mm5lU2aDQRiJ9ISh6_mwE,Miller Toast and coffee,3.9,371
ChIJxfsWkOg3aDQRALzhOx_-rh0,KURUMI,3.9,437
ChIJZ5s90Ts2aDQR_12kdZRv9TA,Hotpot,3.9,443
ChIJdw2vXfs2aDQRv32_0aFcWgU,新竹豐邑喜來登大飯店 采悅軒中餐廳 YUE Chinese Restaurant,3.9,459
ChIJt9bxz-s2aDQRrvv8gkuIR34,小范炭燒平價餐廳,3.9,566
ChIJfYWrYvg2aDQRT14K11PAAnw,大醬韓式料理,3.9,649
ChIJiw44gyU2aDQR6x66LWIVMNc,蒸餃無雙,3.9,651
ChIJ2cefJlc2aDQREXZvMDXS-RY,Teppan Taki,3.9,790
ChIJ-QRNRuk2aDQR14mI8hDslos,鼎王麻辣鍋 光明店,3.9,1266
ChIJjTntnjk2aDQRpV52HbbYRDs,Sushi Express,3.9,1904
ChIJdw2vXfs2aDQRVSzj8yPP-yM,Feast Buffet and All Day Dining,3.9,2785
ChIJDXKdRTk2aDQRiZZ_JpQOk4M,美味角落,4,1
ChIJCXBJWG02aDQRVHxmzmfyv9I,山魚-鱘園梅林魚場,4,1
ChIJj4j0tEM3aDQRsDTuiwXWw4E,昌茂板條小吃,4,1
ChIJTS4K4243aDQRyivaNCG_qQs,好昕晴特色料理,4,2
ChIJ-TI7hTg3aDQRhMXZitCk6Y4,紅稻滷味,4,2
ChIJi6QzLac3aDQRsff3JveCxQQ,小燕湯包各式早餐,4,2
ChIJ7SDQxHc3aDQRme0jxANvp1k,新埔麥多樂早餐店,4,4
ChIJU8QizEQ3aDQRwyb25O9nclg,娘松坊食,4,16
ChIJR6j2YVs3aDQR-EzJaOgBcU8,珍味鴨肉館,4,19
ChIJGfQBSSQ3aDQRI3t93n8RyKE,月白廚房 Geppaku 《 日式餐盒 │ 咖哩 》,4,21
ChIJ6czFYfg2aDQRwaVDQU5uqDA,Sally食藝美學坊 （Sally純手工窯烤麵包Pizza）,4,35
ChIJv-QL0lw3aDQRWIJZGLOZzAI,一口丹 日式飯糰專賣,4,82
ChIJS_2Rizg2aDQRRzdegq8eWZQ,NO.201 BRUNCH,4,82
ChIJmWRbxbw3aDQRdg8rfxptmms,秋日和 Akiko & Pierre,4,84
ChIJM3m-Xvs2aDQR3KsTpPZoqmE,Fresh Corner (Sheraton Store) 紛鳥輕食麵包坊 新竹喜來登店,4,86
ChIJO_KVXTg2aDQRMjJhoIje4uc,晨吉司漢肉排蛋土司竹科關東店,4,89
ChIJVzcm7qc3aDQRw5FTWcRSvAA,新竹生醫園區餐廳-安賀斯Café竹北店,4,101
ChIJdV2cMiQ2aDQRDkbw9r5YpjE,新竹BOOK11寵物友善餐廳/新竹寵物蛋糕,4,109
ChIJ6cLu_go3aDQRejSAcD4aVQk,Fried foods,4,170
ChIJpUlYzVw3aDQRtWbgucXIRVM,吧哩國古藝餐館,4,174
ChIJPzXUQDw2aDQRFx810hvCgDs,黑白嗆 個人創意義大利美食,4,176
ChIJ4XoxLH83aDQR2KfT_ZUh6zc,Coffee&Egg 竹北分舖,4,182
ChIJqY5Gew43aDQRkikXdRLLqv8,浩克廚房,4,189
ChIJxcgG8Hc3aDQROA91hEM1qQU,摩斯漢堡 竹北文興店,4,217
ChIJTd2Knlw3aDQRFXQR6mnDruo,古月粄條,4,240
ChIJc07q8zg2aDQR0_QqNG9DJ2Y,沙茶牛肉炒飯麵,4,244
ChIJUUzZgyU2aDQRSM-GYrIklS4,吉拉多義式焗烤,4,248
ChIJAXD4oPw2aDQR4G6wIqnaab0,(Hsinchu Sheraton) Dalmaji Japanese Chamber,4,280
ChIJWRo0WWw2aDQRUuvo0P0CVS0,建功早午餐店,4,311
ChIJQU_sLP1HaDQR93F-_IzMq_c,琳琳正宗川味涼麵,4,316
ChIJX76Asb42aDQRn-thS6CjZ_I,霸味薑母鴨,4,332
ChIJS3xWC1c2aDQRVL2vW7kVetY,八街豆漿,4,339
ChIJVztl5Yw3aDQRWknMIKZXrC0,富來小館Food Life,4,380
ChIJXTG7FVM2aDQRlwXJqcwEdUM,粥仔魚 高鐵店,4,417
ChIJo33QQPg2aDQRKNqwIkL1gaY,Zhu Bei Xinsheng Beef Noodle Restaurant,4,427
ChIJ39dmY_g2aDQRRDichrI8DvM,雲泰豐雲泰料理,4,451
ChIJ0d4JqCU2aDQRFcKNMWh9hk4,Thai cuisine,4,477
ChIJQ37IZsI2aDQRRgiekRscjww,Greatpot (hotpot),4,526
ChIJtU1M1vs2aDQRwhngYyegInc,麗媽四季鍋,4,550
ChIJ94L6mD02aDQRE2twRqXfnNw,Napoli pizza（拿坡里）,4,588
ChIJJQjV2Rc2aDQRmAEVrcehgUs,Experience Vietnam,4,607
ChIJi-984Pk2aDQRg0lxhlT5I3U,La Kaffa,4,663
ChIJsWY7SKo3aDQRdeHx-DTT5fE,姊妹飯桶-文興店,4,729
ChIJmSzToOs2aDQROarQ_YC77ic,大海豚骨拉麵（最後點餐時間或者公休日請參照臉書粉專）,4,745
ChIJLbv-Efo2aDQRGmFjXZ49dgM,Yuanwei Beef Noodle Restaurant,4,1135
ChIJCXztj-s2aDQRV1uv7LF16Cg,瓦城泰國料理 - 竹北光明店,4,1900
ChIJZ8KrnPo2aDQR01CwVDhmGXk,桃太郎日式炭火燒肉 莊敬店,4,1975
ChIJ0cmIei82aDQRXIe95P0l7Fc,築地鮮魚 (新竹總舖金山十五街店),4,2061
ChIJc7VsSvc2aDQRIpkcJhLCORo,田川日式料理竹北店,4,2064
ChIJ0_Clrs01aDQRPhQsVfgyjsQ,車庫鹽酥雞（莊敬店）,4,2114
ChIJc1El9j83aDQR2jkgRGwL6RQ,披仨微食 | BIZARRE,4.1,9
ChIJFbiAZ8g3aDQRGGimmx3WL6E,有一味麻辣鸭血臭豆腐,4.1,17
ChIJdUyRW2U3aDQRRa0RHmXHakg,天天來小吃店,4.1,65
ChIJz2BfhL83aDQRgdgVw4HY6Y8,小貨車早餐,4.1,65
ChIJBZQ3PiA3aDQRLsOHVPRKQtI,傳承燒烤（川味烤魚，川味肥腸魚）,4.1,95
ChIJj1VADDs2aDQRJcJbrB6GAw4,金師父蔥燒包,4.1,156
ChIJ_4aTpVw3aDQRcCuMTPvext8,新埔第一家板條,4.1,156
ChIJsXxcTyQ3aDQRoCrpXKEKFmc,Oops! Foody,4.1,207
ChIJNbgNJuo2aDQRs8pE-hf1JG4,豆子埔公園前串燒,4.1,278
ChIJ6Zxsr9o3aDQRzE5OkFZTrHw,工研院中興院區員工餐廳,4.1,307
ChIJYTUMeuQ2aDQRZ-vFFjxH9FA,Chu Niu Beef Noodle Restaurant,4.1,376
ChIJfaiZgQE3aDQRsHEbF1ZIuQY,樂饗砂鍋粥 現撈船釣海鮮,4.1,381
ChIJ42yU6To2aDQRm7P-3UtYe8Y,明爐燒臘園,4.1,416
ChIJ4duEjVc2aDQRxUbr0huTOnA,六街小吃,4.1,419
ChIJw6JUFfo2aDQRnRebF0jGawo,黑瓦鬆餅(heywow),4.1,471
ChIJ6-c_CS82aDQRWmc3YhBy5r4,Hotpot,4.1,562
ChIJgWVCyao3aDQRbScixhBRsDE,東京豚骨 釜本舖,4.1,575
ChIJD8Dd8FU2aDQRkDslOAEzBH0,雲南小館,4.1,591
ChIJTxrrKVU2aDQREtQfFjNS2co,野比食堂,4.1,622
ChIJaVHKRuM2aDQRwOnI-fvgaUg,雲南麵店,4.1,654
ChIJn-3VLP02aDQRy_Mp1RrNzwY,Sunrise 晨光早餐,4.1,746
ChIJp9WJSPc2aDQREID0A8wImNo,新粵港式茶飲餐廳,4.1,771
ChIJ0dP5h3M3aDQRwWo78ULMJ8w,橋下2.0餐酒館,4.1,805
ChIJvzxa_Ds2aDQRghJsDlOZAOE,新莊街六號,4.1,905
ChIJwxWfnTk2aDQR5HTOVh7uWwc,福樂餐館 - 超值合菜 家庭聚會 公司聚餐 客家料理 人氣推薦 中式台菜料理 好評 高CP值 評價 首選 必吃餐廳,4.1,909
ChIJVXDHfz02aDQRgjjwKHILMm4,漢神鐵板燒／新竹鐵板燒／新竹美食／新竹餐廳／新竹必吃／光復路必吃／光復路美食,4.1,1040
ChIJm-YgV5M2aDQR7SVVM93JJMc,東街日本料理 竹北文平店,4.1,1257
ChIJL3PgofA2aDQRaKwFisiv9_s,Golden Coast Shrimp Restaurant,4.1,2052
ChIJyTc1Vv82aDQR2AQ9R9b398Q,Amici Pasta & Pizza,4.1,2214
ChIJHeh0QuM2aDQRi-oF_bAuFnU,Xi Zi Beef Noodle Restaurant,4.1,2240
ChIJnxahe3A3aDQROPh9e9cFJu0,KURA SUSHI Zhubei Wenxing Branch,4.1,2267
ChIJkwRzDPo2aDQRstFs21jST5A,Moon of Wind City,4.1,2611
ChIJP4dimRk2aDQRaBKom_y6_NM,Toscanini,4.1,3422
ChIJc50gqP82aDQRDMZy9wd-OrE,Duan Chun Zhen Zhubei Branch,4.1,5765
ChIJx6U9Uqw3aDQRUNr2tVhk0aM,自然GO高鐵店 小熊燒／竹北美食／雞蛋糕／雞蛋仔／下午茶／甜點,4.2,18
ChIJ4bIDOY03aDQRtzcyJJMrNkQ,文樂飲食,4.2,39
ChIJoen5gaI3aDQRvep6_g1YgIE,東家麵食館,4.2,54
ChIJd0dAfVs3aDQRtHJKI9WEJWw,粥師傅廣東粥,4.2,61
ChIJtZeyQD83aDQR2C7WQC_Xv1A,8 Hao Beef Noodle Restaurant,4.2,65
ChIJcw2lPjg3aDQRS_jDhzUD-n8,珍香客家風味小吃,4.2,70
ChIJW2q88yw3aDQR-Z_gLvJ7EGY,川島家便當專賣 竹北店,4.2,103
ChIJSfaQrus1aDQR6QNV30Em2Bg,李宅Not Only Café,4.2,140
ChIJkWx0Ffs2aDQRHlH2vepXXdw,蓁養生,4.2,147
ChIJvZ_48Kc2aDQRQnoYLUoTnrI,A kitchen 一間廚房,4.2,187
ChIJr9LKUTs2aDQR8wxmWPqb5ps,享食光 早餐 減醣、無麩質,4.2,189
ChIJpb-N4Pw2aDQRlPIhlN4Xb_0,漢濱烤鴨,4.2,224
ChIJRR7uUU43aDQRWwwHEYoyiAs,Eat play love,4.2,245
ChIJ8xxHlTo2aDQRthJMyaBb3ng,中山日本料理,4.2,259
ChIJ66Yv8YY3aDQRxvighih4nNY,Izakaya,4.2,268
ChIJ0R9gFvg2aDQR0GqvZdtzu48,深海鮮魚湯,4.2,277
ChIJ4WF6e_g2aDQRPpCUck4U-_I,九湯屋日本拉麵竹北六家店,4.2,325
ChIJ0T4sic03aDQR33CzLs63Ez4,右左庄羊肉爐,4.2,373
ChIJK7FJmOQ2aDQR_dWYLnPN6u4,通化老師父牛雜湯,4.2,400
ChIJIT9a8_k3aDQRcYsaFIcvOhs,Digin comfort food&coffee 癮 . 舒 .食 （全日供餐，最後點餐時間16:00）,4.2,447
ChIJj6QamDo2aDQRmJT2LXqyc5o,胖老爹美式炸雞 新竹光復店,4.2,497
ChIJV4H_Ouk2aDQRSfbcXxhkiYc,雁新和食料理,4.2,567
ChIJg33pJAA3aDQRPnZGTt12FYE,宴川秋竹北店,4.2,654
ChIJnW9_Gj82aDQRnsNzp0Mfge8,松江屋-慈雲店,4.2,658
ChIJ0SeKMRY2aDQRsk2uoAZ9wOM,儷舍坊,4.2,670
ChIJuX-Tfao3aDQRX_ZzIsMuRVY,好萌時光咖哩,4.2,772
ChIJuwlanFU2aDQR8QWCRKc563I,La Play 樂玩 親子空間x輕食,4.2,936
ChIJb_wgUjg2aDQRETIsFzeGOpw,Ba An Sushi,4.2,1160
ChIJWaXShTo2aDQR2fY8ni2idDc,Kanto bridge dumplings,4.2,1169
ChIJi2VLjVM2aDQRsae5HLvU8yQ,上品苑鐵板燒,4.2,1183
ChIJvzXrLqs3aDQRhxu7vWoMc-E,小木屋鬆餅 竹北六家店,4.2,1198
ChIJd3wez5Q2aDQRHjbvsKUhSKI,Mr.Moon月亮先生,4.2,1252
ChIJl4SPiTk2aDQRi8-qPsJ9jhE,Nu pasta,4.2,1283
ChIJW7eFpvs2aDQRyt0hjOM6Z00,八庵日本料理 成功總本店,4.2,1323
ChIJAQAAAJw2aDQRwYWD_IwA6nU,Top grade Court Teppanyaki flagship store,4.2,1583
ChIJvbJVbpM2aDQRRuEO13mGXGk,Piccola Enoteca,4.2,2006
ChIJiVb6rzs2aDQRDMXdeUuhB6M,Yentl Pasta,4.2,2047
ChIJB5y6uPw2aDQR6RcKYXfyjns,Shabu Shabu,4.2,4673
ChIJ02JoJTo2aDQRAduTuGRd6lc,Ding Sheng Shi Li,4.2,5362
ChIJGSYvLP02aDQRBeOqCunis1o,美味霖複合式早餐,4.3,3
ChIJMzyYMKc3aDQRCtt7xoGVKC0,興隆小吃店,4.3,6
ChIJHa19VkU3aDQRQPbyaOiklU8,蛋白盒子健康低卡餐盒-竹北嘉豐店,4.3,13
ChIJs5oyxmE3aDQRf_n2BXfX0Pw,戰 鬥 雞 油雞/醉雞 輕食餐盒-竹北勝利店,4.3,13
ChIJI6LRWm83aDQRVic_vd-yT00,炙肉直火｜ForMeat,4.3,18
ChIJlxu6Yls3aDQRVeIDpkUmVh4,口福自助餐,4.3,18
ChIJcyB5AyE3aDQRRe00zc3LhVE,借問酸辣粉 (外帶店),4.3,30
ChIJhwlgGwQ3aDQRnAXUFi2akJo,熊之咖哩,4.3,33
ChIJH3WFWKU3aDQRRD_RG5Mh9BE,16烤魚,4.3,65
ChIJpfyHknA3aDQRBn0guYqCLJE,大叔弁當勝利店,4.3,87
ChIJ210ThhU3aDQR-8RioPzDZwU,Kao Pu Ting,4.3,94
ChIJaWG4qzM2aDQRMF5sOu3MYsU,酩家小館,4.3,106
ChIJTdgn3AM3aDQRg-otKH7ozLQ,林媽媽早餐店,4.3,110
ChIJIa2Jbrg3aDQRqzWxrjscfNg,蘭英拌麵所 LAN YING NOODLES,4.3,113
ChIJZSh1flo3aDQRk4aTA6ldVwE,極鮮香小饌,4.3,114
ChIJZ3eOtek2aDQRHtY2Bcgi2MM,房角石 麵包 咖啡 手作,4.3,118
ChIJmW-Dbd02aDQRsHN3Uy1JwZA,Hong Ya Hamburger,4.3,146
ChIJeVU91zs2aDQRuyEtQ64JyoM,Pane e Vino,4.3,158
ChIJzQ5JSeNHaDQRrJLymG7vI-Y,川湘匯館,4.3,165
ChIJUZmRABk3aDQR25ZYOC6MwP8,瑪希妲韓式餐酒館,4.3,181
ChIJL4p4Ifw2aDQRxO5KWCHzY1c,有閑rhiu'han,4.3,188
ChIJL_00W1Y2aDQR4HgBCtVJgCw,柚子豬 廚房Coffee & Food,4.3,190
ChIJj5mBJlE3aDQRLaBvrcZSlek,新竹吳家鴨香飯-勝利店,4.3,205
ChIJNQaEOpg3aDQR3C-dQ0WbtmI,Meat K Original,4.3,269
ChIJrXNBlTo2aDQRT4CkNFn7Bgg,新竹老爺明宮粵菜廳,4.3,272
ChIJrTaQ8UY3aDQRdmyM03Ezcvw,Aspoon Aspoon Cafe阿本 紅蔘咖啡館,4.3,287
ChIJXcEUgec2aDQRet70KE34x9A,三年二班 羊肉爐 薑母鴨,4.3,288
ChIJyRZ4Lao3aDQRnzsdl3XXUQk,公園前串燒-嘉豐南店,4.3,325
ChIJkTEovuQ2aDQRgWmcC1P5-YI,角落義式廚坊,4.3,327
ChIJZWH03Ko3aDQRWc7jQLtD20k,Coconut Tree,4.3,336
ChIJHea9nPg2aDQRBgzdRyClGWM,She's愛杏食,4.3,352
ChIJZWjRFVQ3aDQRQulefdI3PTw,Cometrue 成真咖啡 竹北文興店（外帶自取享9折優惠）,4.3,358
ChIJ-e12Xzw2aDQRdbEAFLBKKWk,木易師傅壞饅頭,4.3,397
ChIJtWcBk-s2aDQR15jU93vX-Tk,老洄味麻辣鴛鴦鍋（原竹北齊味）,4.3,406
ChIJtbN8bgw3aDQRhd3TRWOt-ys,拾月早午餐,4.3,413
ChIJu4wxjVU2aDQR1ldZ-I82s68,東小食,4.3,438
ChIJDSkCNqc3aDQRYzD1qyE4psI,ㄚ祥薑母鴨,4.3,456
ChIJY1iK1Bc2aDQRki5FUaDX64Y,新天地美食館,4.3,495
ChIJvZrcmAI3aDQRAxeZziNXObA,Toscanini Zhubei Branch,4.3,507
ChIJ0dOSluQ2aDQR6Wbs2GhzjdI,活力女孩早午餐,4.3,545
ChIJebG3TOs2aDQRHut30as0RPk,如聞心齋,4.3,579
ChIJgZCGlS42aDQRHm4Hu9gswJw,Vanessa Cafe,4.3,595
ChIJe2Kmluo3aDQRzkbSHI1Hl-8,Sauté Restaurant 索鉄,4.3,634
ChIJKWEBrFc2aDQRNyZNBNTjsno,DR.INK 達墨餐酒館,4.3,732
ChIJ-5gOueQ2aDQRrzZlPU7PVeU,好煮藝風味小館,4.3,746
ChIJ6dFpxFg3aDQReHFnl2Pdbiw,5Star Limit Pot,4.3,762
ChIJvbj9QC83aDQRmY71AQoCQkY,木木食堂,4.3,769
ChIJ911-ou42aDQRrHyC_L06TGM,箶同燒肉夜食-胡同燒肉7號店,4.3,826
ChIJhzbTaTA2aDQRMtzxSQzWNzI,麻子辣蒙古麻辣燙,4.3,987
ChIJhbMgG6o3aDQRkiahcwv_szw,劉震川韓潮吧 新竹六家店,4.3,1131
ChIJhfB2T1Y2aDQRcxljcjC5h9U,沐府,4.3,1297
ChIJffG8Ajs2aDQRHm2Ugw-yK1g,Chuan-Jia Hakka Restaurant,4.3,1361
ChIJkQzSS-k2aDQR27eXHGgSblA,頂廂園,4.3,1525
ChIJH_z4nvw2aDQR37QgywYDvRs,老乾杯 新竹喜來登店,4.3,1534
ChIJn6xpT6o3aDQRppI1YMPO9Pc,廢材串燒酒場Skewers & Beer 高鐵店,4.3,1562
ChIJwQNKblU2aDQRVPGl7z7LaOg,Zebra Salsa,4.3,1982
ChIJcftWbs41aDQR0sq5p61AwK4,竹美私房料理 關新店,4.3,2338
ChIJk2H_lHM2aDQRxVC6e5J8T4o,非常食鍋韓國料理-新竹金山,4.3,2401
ChIJVdiW9FU2aDQR4nGqmv1OSbc,Sunny Lulu,4.3,2729
ChIJk2mE3fo2aDQRlYGXqgMZ2kk,陶板屋 竹北光明店,4.3,2730
ChIJkwb0QDk2aDQRIy0AgTWYBYI,SECOND FLOOR CAFE Hsinchu Branch,4.3,4726
ChIJabryH1g2aDQR7x0un0zdfSQ,Zhudong The Chiu's Crispy Sparerib Soup Noodles, Zhubei Branch,4.3,4801
ChIJ3fqgLa03aDQRm2uQI97wkpw,胖飽快餐,4.4,5
ChIJIdR7d-E2aDQRIbaFZpX6I2U,善食坊,4.4,16
ChIJzaQEeo03aDQR9U0AvU2sGQQ,MERRY CAFE 洋食專賣店,4.4,22
ChIJl3rKzN82aDQRFDHsSkHy3lc,自然概念有機生活館,4.4,25
ChIJS4Cfj-I2aDQRYGgFWK57QTM,Bento,4.4,29
ChIJPxqP7aM3aDQRbri9BD6sZX4,樂Fit 健身健康餐飲（竹北店）,4.4,49
ChIJL-aeiqQ3aDQREQW28FL3mWw,粿人KUEH粿物製販所,4.4,53
ChIJTQCVXzg2aDQRSiG1ymSzauc,美味霖早餐/簡餐,4.4,68
ChIJueoMiJA3aDQR-angk8u8zvE,Rick Papa bun小私廚,4.4,80
ChIJgZlQUnU3aDQRCQGZSSb_yeg,平。日式食堂,4.4,87
ChIJY-M78xQ3aDQRIMiTWKalb3o,獅子吼嫩仙草關新店,4.4,122
ChIJ17JILd83aDQRlyn9-L_zHPc,101麵食館,4.4,134
ChIJSxAorDM3aDQRx9mMURInxVI,Sun's Dish Cafe & Restaurant,4.4,137
ChIJG6SBzY83aDQRheoYUWUMa8g,Xinpu Dumpling Restaurant,4.4,157
ChIJ3Yh4f1s3aDQRQHwR6RaqQBI,Xin Fangmei Breakfast Restaurant,4.4,173
ChIJaWDgDes2aDQRkjB0Q-PzO0M,莫內花園,4.4,195
ChIJY2rJJ1g3aDQRqaOwU2D3zIc,台灣壹碳烤 竹北高鐵店,4.4,195
ChIJadcfWi42aDQREy36MskLdxQ,阿Q雞排,4.4,200
ChIJBS40X6xMaDQRvpP9fxSlKgw,豬食堂 創意料理--寵物友善餐廳,4.4,209
ChIJka6cEWM3aDQRA4weHwx92F0,蒸饗宴活體海鮮-竹北勝利店,4.4,243
ChIJT7Z_-Vc2aDQRcO8cbXnGeVg,六家橋頭早餐,4.4,265
ChIJYfg8NzA2aDQR1M64uaQdr78,Simply Thai,4.4,285
ChIJFUGwLVQ2aDQReVcf-5MkAj8,德緣素膳坊,4.4,304
ChIJWamX09w3aDQRpO1GUr7QtCw,Chonky Diner 肥貓漢堡,4.4,326
ChIJ4XH4X_c2aDQRHJmDIA1qmKc,Jeat Cafe,4.4,372
ChIJR9lMSYo3aDQRspHJHR3c_zI,雄欣現流鮮魚湯,4.4,388
ChIJ0WIqwjk2aDQRYlTylRaD7Dc,幸福冰舖~傳統剉冰/豆花/甜湯/飲品/熱壓吐司/冬季（10-4月）限定鹹湯圓、麵食,4.4,392
ChIJ_zywZDc3aDQRRW0TKgfkqlU,青川麻辣燙,4.4,407
ChIJE_RGTeQ2aDQRKBaqueC9_30,三媽臭臭鍋勝利店,4.4,419
ChIJo_8bUjg2aDQR0sUi5SX21rI,Jess 161 beer cafe,4.4,450
ChIJ0Ws9zGY3aDQRoHVGJkIyQRE,平成炭火燒肉,4.4,455
ChIJoXVEmes2aDQROD4Jcux_zjY,川之宴麻辣鴛鴦鍋,4.4,461
ChIJA8cxkuY2aDQRkTezAc7K7Sc,Fresh food wine eighteen living room,4.4,513
ChIJC2TScPk2aDQR18ZlbGw9v4Q,烤第一 竹北總店/新竹宵夜 竹北美食 竹北宵夜 竹北碳烤 竹北串燒,4.4,692
ChIJXY2FdoU3aDQRsB_P2SYzKw4,Jhujian Zhubei Aikou Branch,4.4,722
ChIJE6DsGUEdaDQRjpJ2KtG5fFI,宥福精緻素食,4.4,733
ChIJwWdPKo43aDQRDQPseA9kMyc,TGB很牛炭燒牛排 竹北勝利店,4.4,747
ChIJWW9Grag3aDQRYQrpmIt7NV0,Burning steak house,4.4,939
ChIJNdqcb1U2aDQRLhR57NEY9fg,好旬日食。,4.4,1015
ChIJ6z82TPg2aDQRD2ov-mygBl0,帝王食補 新竹自強店,4.4,1027
ChIJ93F6anI3aDQRTo6Jy4VZrcE,LAZO Steak House,4.4,1064
ChIJN6KSZNU3aDQRWy7pYlcNm2Q,The Fun 樂房早午餐,4.4,1214
ChIJn2Jgrqs3aDQRZ3QzIrgPdSA,Family Pizza,4.4,1488
ChIJRTmW9QA3aDQRULFpEdWHUk0,Bistro302 原味料理餐廳,4.4,1525
ChIJNdqcb1U2aDQRueGw71POBlI,紅倉庫歐陸廚房,4.4,1583
ChIJW3T_1es2aDQRR3EYh3rXp2E,Cheng Jia Restaurant,4.4,2096
ChIJrdgFR_c2aDQR0VZ8xXLwoPs,Motode Sushi,4.4,2202
ChIJk_Ygk5Q2aDQRjcgCxWgqQYM,CHAMONIX Zhubei Guangming Branch,4.4,3212
ChIJ9WucnFQ2aDQRPvMrPUDoiCw,閑坐咖啡,4.5,13
ChIJse6bxC42aDQR5PnxR2C5m34,哈特花園咖啡,4.5,22
ChIJVfQKIHQ3aDQRo9fw-VYrsTQ,Ted蔥抓餅,4.5,22
ChIJbVfhsU03aDQR_gW6oRxBrXw,香廚滷味,4.5,30
ChIJH4CRijg2aDQRGbU7t4Mqzy0,鼎上海-小籠包/生煎包/鍋貼/蒸餃,4.5,39
ChIJIY2G6Yw3aDQR2SKty396zn0,東海小吃麵店,4.5,95
ChIJA2VZdFc2aDQRszAfyFvtNjs,早安美芝城,4.5,104
ChIJIcz1byU3aDQRTXQVPWbINkQ,尋遇精靈的＋（有藝思藝術餐廳）,4.5,108
ChIJ46q-Ajg3aDQRahozpcJOLTo,82年餐酒館-竹北在地推薦餐廳|聚餐餐廳|人氣餐廳|必吃餐酒館|網美餐酒館|人氣酒吧,4.5,119
ChIJBeKcvtQ3aDQROeSLrxTwCyM,SICO料理所- 竹北高鐵店,4.5,122
ChIJu2quvhk3aDQRTENCITGrkVM,山也餐盒,4.5,123
ChIJJfMjQTw2aDQR1Wftp_LGOL0,荷田田,4.5,128
ChIJHVeSo_I3aDQRhP8i5e-I57U,烤醬第一魂/竹北美食/竹北外送美食/竹北小吃/竹北宵夜/竹北烤肉/竹北燒烤,4.5,153
ChIJmyj7JcQ3aDQRS0Uc_9aqs-Y,野樂蝦啤,4.5,154
ChIJcx87Fjg3aDQR0h4thAk8mZE,昌茂新埔板條,4.5,163
ChIJ1QgKhKc3aDQRPTmoH1Vyjy8,【初幕2.0】｜寧靜用餐｜無開放4歲以下幼兒｜健康風味義大利麵｜自家烘焙咖啡｜手工甜點｜,4.5,167
ChIJY3Lhxlc3aDQRloFlSMuZHoY,嘎吱窩早餐Guts House Breakfast/最新資訊請洽社群,4.5,266
ChIJtfT3kY03aDQR--BzS2ejHgs,A Poke Cafe,4.5,283
ChIJN9hT0A43aDQRSa-tZJUgATY,光鮮綠蔬沙拉店 - 生菜・便當・輕食・ 咖啡・果汁・義大利麵,4.5,298
ChIJhZhj9843aDQR8s3jnXfz4W0,歡喜心集蔬食餐坊,4.5,302
ChIJG3G1FlY2aDQRJTbGN61nk8U,Back-Haus,4.5,332
ChIJ76cw-ww3aDQRtSHLHRDd5YU,樂樂長甘蔗屋 Rejoice Evermore Cafe,4.5,338
ChIJi-mJaOM2aDQRLlMKaY6pNdA,蒸鍋原味蒸籠蒸涮涮鍋,4.5,340
ChIJHYUyEL41aDQRAGCwLgHp-pw,鐵釜日式料理,4.5,423
ChIJ9bSdKj00aDQRtYDF789SfdQ,Nuan Nuan Zao Restaurant,4.5,444
ChIJJVqxmDk2aDQRI8l0hHhnwhY,DOCK - Pizza & Bar 道可小酒館,4.5,511
ChIJ1zWd9qg3aDQRt3VVD8CG-LI,藏鮮閣,4.5,531
ChIJPXk_XSQ3aDQR2Y9vupLaChE,松島食堂,4.5,533
ChIJBTN7les2aDQRZ6Zrom6a97E,NS cucina（BISTRO by Nelson）,4.5,644
ChIJc75UTcM3aDQRVu5M6PhTojg,硬派主廚的軟嫩料理 關東店,4.5,836
ChIJneDchfg2aDQRp1UZe_HwiEU,必勝客 竹北六家店,4.5,967
ChIJUxwoMI03aDQRw8kZkQXjv-8,嗑肉石鍋竹北莊敬店,4.5,1003
ChIJO9Jf9OQ2aDQRTTQTYTDEieM,Island Kitchen,4.5,1177
ChIJgRJgdUg3aDQRZxSNp6f4oEY,竹間精緻鍋物 竹北文興店,4.5,1318
ChIJOa-nI0o3aDQRjeQTAsgz4T4,自然go（關新店）新竹美食／竹北美食／輕食餐盒／下午茶／雞蛋糕／雞蛋仔／甜點,4.6,5
ChIJT2uNIW83aDQRX8BRnovil9w,鳳姐水餃,4.6,10
ChIJP57mYVs3aDQRDva0h45_LDc,微笑手工早餐,4.6,10
ChIJPYSoIpc3aDQRwh_SFklPICU,七十五號早午餐,4.6,13
ChIJUwdFlPs2aDQRNEh553yme04,No.1Pizza手工窯烤披薩,4.6,17
ChIJc_7P2c03aDQRbaEP9oGA6MI,攤攤麵,4.6,18
ChIJ_UCp9hk3aDQRr3ULs4lJyNg,明仁二代目章魚燒-竹北店,4.6,51
ChIJ9boafTs2aDQRVyYASvHq4KQ,宅御作手工蛋糕,4.6,62
ChIJJcVJPQA3aDQR6hHl_lv4BgY,Fresh Corner (Jingzhan Store) 紛鳥輕食麵包坊 京站店,4.6,76
ChIJJ6MsO3E3aDQRjH4RJ1dachs,花椒囪囪,4.6,90
ChIJe-8t72Q3aDQRORr-jv4mV1M,（預約制））來點不一樣｜私廚料理｜一人廚房,4.6,102
ChIJ59K32ik3aDQRh8kLzup7wic,芳·覓靜 手作麵包 咖啡 早午餐,4.6,103
ChIJq-yCeOw3aDQR-N5H5YaCqFw,孚日 VOSGES,4.6,110
ChIJ_yEnUVc3aDQRNBkaG3FgDYA,Juice Bear-工研院店,4.6,128
ChIJwYZz6jk2aDQRzbGiT9_69oY,NYX Trattoria | Bar | Bistro,4.6,150
ChIJvfZAwFY3aDQRp6gI07QnHNI,蕭邦 羊肉泡饃-新竹竹北羊肉泡饃|必吃羊肉|特色美食|熱門美食|在地推薦餐廳|陝西料理,4.6,190
ChIJV6Rk5T03aDQRQysml4HxaoE,和樂洋食巧烹,4.6,222
ChIJb05Ta3A3aDQRWiR-G1jJE6o,This time this food,4.6,243
ChIJ81KTlb83aDQRm_JDZX1ZNNY,PICCO KITCHEN 皮可廚房,4.6,258
ChIJ5U6rH2g3aDQRUIfbAhUqXm0,小藜ㄇㄞˋ本丸,4.6,259
ChIJgyKMrNg3aDQRv0KjnRctiYc,Pizza Shalom 柴燒窯烤披薩,4.6,290
ChIJFfHmpMY1aDQRtHrHMGoAfHI,綜也蔬食 Vegan Ramen Shop,4.6,296
ChIJKWfIwm83aDQRIwQd_AgqhZk,Restaurant Re-,4.6,302
ChIJpaTG_PQ3aDQRuEtt72dFrfU,Ran Ran (Hakka life),4.6,364
ChIJjyyJXyY3aDQRVOfhYEyiBj4,Ichiro nigiri (sushi),4.6,425
ChIJSeujGDs2aDQRFhuJUB60Cqs,PIZZA HUT必勝客 新竹光復店,4.6,1058
ChIJkd3RmPs2aDQRrGYDjSC0s10,Muxito 沐熙朵洋食坊義大利麵餐廳,4.6,1189
ChIJQUS_afo2aDQRBs1v9gP1mX0,煮流 Shabu Shabu,4.6,1194
ChIJg-716hw3aDQRWhuQ6_F4KN4,廢材串燒酒場Skewers&Beer關新店,4.6,1229
ChIJE6AQpl83aDQR0em2tSAXiAs,丰丰燒 ふふ焼き,4.6,1407
ChIJ98fGTlY2aDQR52JgIGOBzBE,鍋牛鍋物六家店,4.6,1733
ChIJFfBxCf82aDQR_u0bIPfOY6E,Yen Chiang hotpot,4.6,4508
ChIJjeLkmus2aDQRuGsqi0a83J4,Top One Pot,4.6,5214
ChIJ45bt9y03aDQRyF0Pp3ZbrgE,永昌宮早餐車,4.7,3
ChIJKwrZef43aDQRY8Clkn6qxZM,晨香早餐,4.7,6
ChIJoS29OhU3aDQRkqs8zag5nfo,You Jian Breakfast Restaurant,4.7,9
ChIJ__I-KJA3aDQRjzoZ7kNkOHQ,阿力香雞排,4.7,22
ChIJp8aK6Do3aDQRrOCjZJRr7qQ,圓寶水餃,4.7,24
ChIJWdhZT6c3aDQRApU5YOFM4lI,晟鴻電器行,4.7,41
ChIJf8vex9A3aDQRPnsyGe3Mk94,鮨安,4.7,42
ChIJ7cBrWvw3aDQRprVoPA5yuLk,金晶食堂,4.7,74
ChIJ-4iHNUQ3aDQR9xNpCvsTpIM,豪軒,4.7,81
ChIJTVAalpg3aDQRlpzttgmy9Io,莫林炸雞竹北勝利店,4.7,106
ChIJa3pZr9E3aDQRsBRmTKkM17Y,Floating feast,4.7,147
ChIJOVoP9ew3aDQRmrpRx-b1tVk,Ju Ni Ro Izakaya,4.7,206
ChIJUXAO8x03aDQRtK3h_vrm36Y,Dessert shop,4.7,255
ChIJk66OQ-k2aDQR8ztcxKA3NRk,O-NiKU Zhubei Guangming Branch,4.7,5433
ChIJKXogK6E3aDQRyPFFjxA8Oo8,阿力小吃,4.8,10
ChIJTRg9ob43aDQRyAD66T_-k7s,阿蘭姐煮烤院,4.8,18
ChIJW9Mw-Sg3aDQRZEX2ng9db18,Bee's Knees彼斯尼,4.8,36
ChIJy_SjH-83aDQRsik2UyFyCJk,翻滾的豬 Rolling Pig,4.8,57
ChIJB4ecH9Q3aDQRHkjszQl3X9I,咕嘟 輕食·麵·飯,4.8,84
ChIJb1KChyUVR0QRcZe8h8qdJOw,這義方麵pasta,4.8,113
ChIJ6SXjX_c2aDQRWY3I9Tk3NgY,蔬食鍋,4.8,194
ChIJb2DGOAA3aDQRrUAF9mzOvbY,W12 Cafe Tea Room 西十二區,4.8,196
ChIJ_9DYqg83aDQRbyN39I95zM8,鴨公館 YA GONG GUAN,4.8,291
ChIJ_R18Wko3aDQRsHIntDsQpfs,金鶴呷 熱炒,4.8,294
ChIJGUqPAmE3aDQR8xr4NqYFQcE,佐林鐵板燒-竹北精緻鐵板燒|必吃鐵板燒|熱門餐廳|人氣鐵板燒|鐵板燒首選|熱門鐵板燒,4.8,514
ChIJN2b3TlY2aDQRRVPyraO37YA,呷奔來坐 懷舊食客*[合菜/小吃/家庭/聚會]歡迎提前訂位!,4.8,964
ChIJc6sXtVc2aDQR62vPKhvLq5Y,CAT Corner,4.8,1626
ChIJA8lGnag3aDQR3vYH5HG4i6E,泰銷魂 竹北嘉政店,4.8,1797
ChIJceqzgic3aDQRkiPEtMg95Q8,食來運轉小吃店,4.9,7
ChIJi-E5rzM2aDQRboUL0Z01DD0,摩法漢堡,4.9,8
ChIJa3BW8nc3aDQRFDbZpKZ9HQw,新竹安捷國際酒店 潛艇餐廳 Submarine Café,4.9,8
ChIJjVQRxuI2aDQRgHWYz_PsPtY,中式早餐,4.9,12
ChIJa8Pc9vI3aDQRRHsu3b3DqdI,隘興餐飲坊,4.9,12
ChIJx-zIrpQ3aDQRwAktOeaza_o,堡家堂美式漢堡 快取店 （原豐盛堂）,4.9,17
ChIJpR547dw3aDQRPbPk3bPpl-Y,竹北曼陀羅滴水坊,4.9,19
ChIJFcp521s3aDQRWosfpiJVWkQ,享客棧,4.9,19
ChIJmzWK7H83aDQRgAP_CsIYn8I,串八町燒烤,4.9,20
ChIJTVsgvNk3aDQRZerKhjopEyY,艸居生活 手作嫩仙草,4.9,22
ChIJL0YCg2c3aDQRas66PqnsyGo,Uoo Uoo cafe,4.9,31
ChIJNWVmnK83aDQRu4FQs7_pFHY,八龍臭豆腐,4.9,39
ChIJP_Wnxlk3aDQR6N9ZKDVFLWg,竹寶寶玩具共享基地關東店,4.9,92
ChIJt3nw8gg3aDQRk9QwwwDuGIw,好物小廚 x 特草根舖,4.9,121
ChIJmZD4b-o3aDQR13i-AW-SORI,清吉飲食店,5,1
ChIJO2l7Xww3aDQRmwFgTrkoq1s,常吉雅綠野小築,5,1
ChIJnRMn3mU3aDQRa_pe4GNFDVY,小貨車無名早餐,5,1
ChIJrbPaOdA1aDQRPT9K26M7MDM,（預約制）Le Phare JYO 商務共享空間,5,1
ChIJGaSjeL43aDQRFRuoTBmWCzA,迎冰豆花剉冰,5,1
ChIJSde9OJo3aDQRYcs84Uv6NsY,纖活早午食,5,1
ChIJa2OhKqE3aDQRU_jZA3kaPKc,Xiaqiuhuoli Station,5,1
ChIJiYeupRs3aDQRDbMHPKXNrT8,初色 生活美學工作室 /韓式藝術花菓子教學/拼布教學/莊園手沖咖啡/花葉移印,5,1
ChIJe7PNjlw3aDQRZ1pZWzagNiM,正記廣東粥,5,1
ChIJlfusHDs2aDQRdWzu9qupNNg,吳家莊老五,5,1
ChIJ28D5iOc3aDQRjoHG8cyT8OE,伯公前鳥蛋,5,2
ChIJvf7er-Y3aDQRLpIRege9ksU,竹埔小館,5,3
ChIJQXsUPgA3aDQRgY8E6qqY60M,泉燒肉IzumiYakiniku,5,3
ChIJb4R9QbA3aDQRz-ANAoe6EHQ,甘妹甘蔗攤,5,4
ChIJCdCq5xo3aDQR2-CpenACN2M,樂蜂小舖,5,4
ChIJ-UtsQsA3aDQRkvGKuwREUqY,無名麵線,5,7
ChIJJStC1HY3aDQRSfnfeX9iUV0,街尾冰飲,5,9
ChIJVTd8RQA3aDQRbjc31x3YnVs,Pho. Xǔ河煦私廚越南河粉,5,11
ChIJB9SLlwA3aDQRUFgkUSRbIYg,尚羽水產-竹北必吃生魚片|新鮮生魚片|生魚片丼飯|人氣丼飯|熱門日料|零售批發海鮮/和牛,5,23
ChIJz_ZH3u03aDQRB6248dMXtBs,李愛吉脆皮雞蛋糕(15:00～售完為止),5,29
ChIJIVfx7oY3aDQRo7ZSQz_pQH0,Song Yuan Izakaya Restaurant,5,31
ChIJDz9HCG83aDQRqlrMhzkqL8A,季の串燒,5,35
ChIJW5nydNk3aDQRB_IslgSsHyU,AK168 Dining Bar,5,50
ChIJL5R_bf43aDQRPfFxMU9ap5U,竹北宵夜推薦 好得勁肉蛋吐司,5,62
ChIJpwYTmxM3aDQRzGlqXNQKmlY,Shen 聖,5,106
